Label,# Samples,Average,Min,Max,Std. Dev.,Error %,Throughput,Received KB/sec,Sent KB/sec,Avg. Bytes
WebFlux GET artists,1818,1714,7,22403,2846.73,0.000%,39.69346,4512.75,5.31,116418.6
MVC Get Artists,1510,3320,7,16520,3516.68,0.066%,33.09589,5812.04,4.42,179826.8
WebFlux Post artists,1394,1425,4,14886,2597.78,0.000%,30.97984,10.26,12.49,339.1
MVC Post Artists,1179,2813,5,20344,3265.32,0.000%,26.18371,8.69,10.56,340.0
TOTAL,5901,2276,4,22403,3160.81,0.017%,128.35795,10282.47,32.26,82030.3
